ID_MEDICAMENTO,DESCRIPCION,PRECIO_UNITARIO,INVENTARIO
1,SPERTI PREPARATION H UNGÜENTO TÓPICO,24921,0
2,INFLUVAC VACUNA ANTI - INFLUENZA SUSPENSIÓN INYECTABLE,16836,70
3,BACITOPIC UNGÜENTO DÉRMICO,80274,62
4,FLUAD VACUNA ANTIGRIPAL SUSPENSIÓN INYECTABLE,85716,3
5,"GC-FLU VACUNA ANTIINFLUENZA INACTIVADA, FRACCIONADA SUSPENSIÓN INYECTABLE",25637,87
6,GC-FLU PEDIÁTRICA  VACUNA ANTIINFLUENZA  INACTIVADA FRACCIONADA SUSPENSIÓN INYECTABLE,55467,8
7,FLUAZUR PEDIÁTRICO VACUNA ANTIINFLUENZA INACTIVADA SUSPENSIÓN INYECTABLE,16179,97
8,BIOVAC-FLU VACUNA ANTIFLUENZA FRACCIONADA INACTIVADA SUSPENSIÓN INYECTABLE,30888,12
9,VAXIGRIP VACUNA ANTIINFLUENZA INACTIVADA SUSPENSIÓN INYECTABLE,67498,60
10,VAXIGRIP PEDIÁTRICO VACUNA ANTIINFLUENZA INACTIVADA SUSPENSIÓN INYECTABLE,30310,77
11,DERMABIÓTICO UNGÜENTO DÉRMICO,15976,36
12,PERENTERYL PEDIÁTRICO POLVO LIOFILIZADO PARA USO ORAL 250 mg,86997,8
13,PERENTERYL CÁPSULAS 250 mg,60308,68
14,"DENTILIM SOLUCIÓN PARA COLUTORIO 0,1%",24295,14
15,GESIDOL SUPOSITORIOS INFANTILES 125 mg,98706,95
16,DIPROBASE CREMA TÓPICA,21681,32
17,DIPROBASE LOCIÓN TÓPICA,38465,9
18,UNGÜENTO ALCANFORADO,91027,86
19,AGUA PARA INYECTABLES,71431,2
20,POLVOS ALCALINOS VOLTA,86511,19
21,DISGREN COMPRIMIDOS DE LIBERACIÓN PROLONGADA 100 mg,73292,2
22,DICHLOREXAN SOLUCIÓN TÓPICA  2 %,98896,9
23,FAXET SOLUCIÓN TÓPICA,52095,25
24,FRESCANSOL POLVO,55684,47
25,TEF-C COMPRIMIDOS EFERVESCENTES 1 g,42418,33
26,TEF-C COMPRIMIDOS EFERVESCENTES 2 g,24577,75
27,NOSCAPINA MAS ÁCIDO ASCÓRBICO JARABE,54689,65
28,PARACETAMOL SUPOSITORIOS 125 mg,24244,30
29,A Y R EMULSIÓN DÉRMICA 5%,62517,3
30,AYR CON UREA EMULSIÓN TÓPICA 10%,45627,19
31,AYREMENTOL LOCIÓN TÓPICA,35858,50
32,DURASOLETS UNGÜENTO OFTÁLMICO,49769,8
33,GELSOLETS GEL OFTÁLMICO,90469,17
34,"TETRIZOLINA CLORHIDRATO SOLUCIÓN OFTÁLMICA 0,05%",26668,68
35,CORPADEN COMPRIMIDOS,98423,81
36,BROMHEXINA CLORHIDRATO JARABE 8 mg/5 mL,40142,46
37,BROMHEXINA CLORHIDRATO JARABE 4 mg/5 mL,74606,78
38,"BBDENT GEL TÓPICO 7,5%",18770,89
39,CARISTOP COMPUESTO PASTA DENTAL BIFLUORADA,16560,54
40,CLORHEXIDINA GLUCONATO SOLUCIÓN TÓPICA 4%,54051,64
41,DOLORUB CREMA TÓPICA 5%,12048,71
42,ADFEN COMPRIMIDOS RECUBIERTOS 200 mg,86991,76
43,"ORALGENE COLUTORIO 0,12%",49426,39
44,ORALGENE POLVO PARA SOLUCIÓN BUCAL,60125,48
45,ORALGENE CON XILITOL COMPRIMIDOS MASTICABLES 5 mg,80373,35
46,PROCTOGEL CREMA TÓPICA,36784,89
47,TAPSIN COMPRIMIDOS,74832,68
48,TAPSIN COMPUESTO POLVO PARA SOLUCIÓN ORAL EN SOBRES,75257,25
49,TAPSIN SIN CAFEÍNA PERÍODO MENSTRUAL COMPRIMIDOS,71835,66
50,PARACETAMOL MAS CAFEÍNA CÁPSULAS BLANDAS,46003,2
51,ARTREN GEL DÉRMICO 1%,32290,19
52,CEBION 1000 COMPRIMIDOS EFERVESCENTES 1 g,82607,9
53,CEBION 2000 COMPRIMIDOS EFERVESCENTES 2 g,66220,5
54,CEBION CALCIO COMPRIMIDOS EFERVESCENTES,25552,92
55,NEUROBIONTA COMPRIMIDOS RECUBIERTOS,95181,20
56,NUTRIZIMA GRAGEAS,64985,83
57,ARTREN GEL DÉRMICO 1%,13997,24
58,"FELDENE GEL TÓPICO 0,5%",68403,37
59,CEBION SOLUCIÓN PARA GOTAS ORALES,95120,73
60,CEBION CÁLCICO COMPRIMIDOS EFERVESCENTES,99917,67
61,"VISINE SOLUCIÓN OFTÁLMICA 0,5 mg/mL",54926,24
62,LEFKACID COMPRIMIDOS,43655,87
63,ILIADIN SOLUCIÓN OFTÁLMICA,87692,80
64,SALUBION JARABE,98521,79
65,OBLEAS CHINAS LI-WU-PAT,38515,44
66,PECTOVER JARABE,79581,28
67,CONMEL COMPRIMIDOS 324 mg,17625,34
68,PANADOL COMPRIMIDOS MASTICABLES 160 mg,51543,59
69,PANADOL ADULTOS PLUS COMPRIMIDOS RECUBIERTOS,61795,82
70,PANADOL COMPRIMIDOS EFERVESCENTES 500 mg,57207,5
71,CONMEL SUPOSITORIOS 300 mg,73232,3
72,IBUEVANOL COMPRIMIDOS RECUBIERTOS 200 mg,72364,95
73,ECOTRIN COMPRIMIDOS CON RECUBRIMIENTO ENTÉRICO 100 mg,36777,87
74,"ALCOLEX SOLUCIÓN TÓPICA 0,1%",63855,20
75,CALCIO CM COMPRIMIDOS MASTICABLES,24454,55
76,TRIMAX COMPRIMIDOS,48613,15
77,MULTIVITAMÍNICO CON MINERALES COMPRIMIDOS RECUBIERTOS,14638,63
78,ZINCOVIT COMPRIMIDOS RECUBIERTOS,94305,75
79,LECHE DE MAGNESIA PHILLIPS REGULAR,16240,4
80,ÁCIDO ASCÓRBICO COMPRIMIDOS MASTICABLES 100 mg,71140,98
81,ÁCIDO ASCÓRBICO COMPRIMIDOS MASTICABLES 500 mg,96200,21
82,TOCALM PEDIÁTRICO JARABE 15 mg/5 mL,85759,80
83,"MERPAL GEL TÓPICO 1,16%",19105,26
84,TOCALM ADULTO JARABE 30 mg/5 mL,51524,48
85,CLARAGINE COMPRIMIDOS,48583,11
86,GASOPAX COMPRIMIDOS MASTICABLES,11609,30
87,AGUA PARA INYECTABLES,41736,100
88,VASELINA ESTÉRIL ACEITE TÓPICO,57052,54
89,CALADRYL CLEAR LOCIÓN TÓPICA,86079,24
90,CAPRIMIDA COMPRIMIDOS RECUBIERTOS 500 mg,88190,63
91,CAPRIMIDA - D COMPRIMIDOS RECUBIERTOS,16287,15
92,NIOFEN FORTE SUSPENSIÓN ORAL 200 mg/5 mL,95138,60
93,NIOFEN SUSPENSIÓN ORAL 100 mg/5 mL,79161,90
94,PARACETAMOL SOLUCIÓN GOTAS ORALES 100 mg/mL,18123,56
95,PURSENID GRAGEAS,25607,4
96,AMBROTOS JARABE 15 mg/5 mL,77546,20
97,WINASORB CAPLETAS 500 mg,29419,85
98,"DOLOKETAZON GEL 2,5%",83689,93
99,NEOGASOL EMULSIÓN PARA GOTAS ORALES 4%,63059,41
100,AMBROXOL CLORHIDRATO JARABE 15 mg/5 mL,18450,1
101,AMBROXOL CLORHIDRATO JARABE FORTE 30 mg/5 mL,99671,35
102,ZOLBENFLASH COMPRIMIDOS,63680,19
103,IBUPROFENO SUSPENSIÓN ORAL 100 mg/5 mL,99823,79
104,BENYLIN JARABE,49346,50
105,ÁCIDO ACETILSALICÍLICO COMPRIMIDOS RECUBIERTOS 324 mg,17952,34
106,ACTIVATOR COMPRIMIDOS RECUBIERTOS,27656,38
107,ALITEN SOLUCIÓN TÓPICA,31619,79
108,HIDRÓXIDO DE ALUMINIO GEL COMPRIMIDOS 500 mg,18163,22
109,COTIBIN FLU POLVO PARA SOLUCIÓN ORAL,61284,28
110,"DURANIL SOLUCIÓN BUCAL 0,1%",92198,34
111,CLARIMIR PLUS SOLUCIÓN OFTÁLMICA,36631,47
112,CROTAMITON CREMA 10%,89527,84
113,CROTAMITON LOCIÓN 10%,70070,36
114,"PSYLLIUM PULVERIZADO + VASELINA LÍQUIDA MICROENCAPSULADA, POLVO PARA SUSPENSIÓN ORAL",34779,32
115,ELCAL - D CÁPSULAS,49080,33
116,ELISARN LOCIÓN 5%,38048,99
117,FLOGOJET GEL TÓPICO 5%,16875,11
118,FLUCRIT COMPRIMIDOS,32241,60
119,FLUIBRON SOLUCIÓN PARA GOTAS ORALES,88379,54
120,FLUJOCER COMPRIMIDOS RECUBIERTOS 324 mg,46784,19
121,GASORBOL COMPRIMIDOS MASTICABLES 100 mg,83914,82
122,KILNITS CREMA 1%,92476,58
123,KILNITS SHAMPOO 1%,12093,57
124,KIN CREMA 5%,78541,47
125,KIN GEL 5%,62045,36
126,METAMIZOL SÓDICO 300 mg COMPRIMIDOS,39908,24
127,METAMIZOL SÓDICO (DIPIRONA) SUPOSITORIOS 250 mg,32027,7
128,PARACETAMOL CON ÁCIDO ACETILSALICÍLICO Y CAFEÍNA COMPRIMIDOS RECUBIERTOS,58579,70
129,PARACETAMOL  JARABE 120 mg/5 mL,60336,84
130,PEDIADERM POMADA,67627,90
131,POVIDONA YODADA 10% SOLUCIÓN ESPUMANTE,76670,86
132,POLIVITAMÍNICO CON MINERALES JARABE,23466,35
133,MAPROMIL COMPRIMIDOS RECUBIERTOS,79321,26
134,POLIVITAMÍNICO JARABE,91611,30
135,REGEDERM POMADA,29985,36
136,"HIDRATANTE ORAL, SOLUCIÓN",22296,52
137,SALES PARA REHIDRATACIÓN 60 POLVO PARA SOLUCIÓN ORAL,72956,66
138,SEDOTUS JARABE,15398,78
139,TIFEN PEDIÁTRICO SUSPENSIÓN ORAL 100 mg/5 mL,76042,16
140,VITACAR CÁPSULAS,33315,71
141,FITIBRONC JARABE,34005,82
142,HANSAPLAST APÓSITO 40%,26757,74
143,HANSAPLAST PARCHE AL 40%,11348,70
144,CARBAMIDA PEROXIDO GEL TÓPICO 10%,31113,76
145,METAPIO FILM SOLUCIÓN TÓPICA,25046,92
146,GALUTEC DILUIDO COLUTORIO,11435,1
147,CROWNE-F PASTA DENTAL,71931,51
148,GEL SALINO ENDONASAL,56976,12
149,SEDOFLAX SUSPENSIÓN ORAL PARA GOTAS 40 mg/mL,62661,60
150,BROMHEXINA CLORHIDRATO JARABE 4 mg/5 mL,82911,94
151,PARACETAMOL SOLUCIÓN ORAL PARA GOTAS 100 mg/mL,60150,98
152,POMADA AZUFRADA 10%,67711,25
153,"GLICERINA ADULTOS SUPOSITORIOS 2,9 g",65476,68
154,"GLICERINA PEDIÁTRICA SUPOSITORIOS 0,875 g",11224,38
155,TALCO MENTOLADO POLVO TÓPICO 2%,37063,90
156,PERMETRINA CHAMPÚ PEDICULICIDA 1%,96356,42
157,ALCOHOL ALCANFORADO 10% P/P,67686,16
158,"ALCOHOL YODADO SOLUCIÓN TÓPICA 0,25%",98421,33
159,"ALCOHOL YODADO 0,65%",89732,81
160,AFTER BITE SOLUCIÓN USO TÓPICO,61514,36
161,CARDIASA COMPRIMIDOS CON RECUBRIMIENTO ENTÉRICO 75 mg,38427,34
162,CARDIASA COMPRIMIDOS CON RECUBRIMIENTO ENTÉRICO 100 mg,82903,27
163,CARDIASA COMPRIMIDOS RECUBIERTOS DE LIBERACIÓN RETARDADA 324 mg,19288,40
164,GLICERINA ANHIDRA SOLUCIÓN PARA GOTAS ÓTICAS,90774,98
165,BREXON UNGÜENTO DÉRMICO,83982,77
166,HEMOSTAT BARRA,80111,68
167,SOLARCAINE LOCIÓN TÓPICA.,74822,17
168,NITRATO DE POTASIO 5% GEL DENTAL,87615,32
169,NITRATO DE POTASIO 5% PASTA DENTAL,54122,17
170,PARACETAMOL/ÁCIDO ACETIL SALICÍLICO COMPRIMIDOS,32312,3
171,"SINARTROL CREMA 1,5%",90149,69
172,VITAMINAS A Y D2 CREMA TÓPICA,20580,39
173,"VITAMINAS A D3, ALANTOÍNA Y CLORURO DE BENZETONIO EMULSIÓN DÉRMICA",96171,89
174,POMADA AMARILLA OFTÁLMICA 2%,86024,43
175,VITAMINA C 1000 mg COMPRIMIDOS RECUBIERTOS,65436,92
176,METAMIZOL SÓDICO SUPOSITORIOS 250 mg,58044,63
177,DICLOFENACO SÓDICO GEL TÓPICO 1%,60282,0
178,HIDRÓXIDO DE ALUMINIO COMPRIMIDOS MASTICABLES 500 mg,71587,60
179,HIDRÓXIDO DE ALUMINIO SUSPENSIÓN ORAL 6%,33258,30
180,PARACETAMOL SOLUCIÓN PARA GOTAS ORALES 100 mg/mL,41879,15
181,PARACETAMOL JARABE 100 mg/5 mL,77354,72
182,LEVUCAL COMPRIMIDOS MASTICABLES 500 mg,95792,30
183,"GLICERINA ADULTOS SUPOSITORIOS 2,31 g",39197,44
184,FRUTASAL KNOP POLVO,78560,50
185,ACEITE DE HÍGADO DE BACALAO CON VITAMINAS A Y D CÁPSULAS BLANDAS,96547,52
186,PARACETAMOL 250 mg SUPOSITORIOS,65055,44
187,PARACETAMOL 125 mg SUPOSITORIOS,10337,31
188,PARACETAMOL SOLUCIÓN PARA GOTAS ORALES 100 mg/mL,36787,40
189,ALCOHOL YODADO 1% SOLUCIÓN PARA USO EXTERNO,52874,48
190,SINFLU COMPRIMIDOS 500 mg,23650,73
191,POMADA ALCANFORADA AL 10%,31168,55
192,POMADA DE SALICILATO DE METILO AL 10%,56607,50
193,T.R.O. SALES PARA REHIDRATACIÓN ORAL 60 mEq/L SODIO,56577,6
194,DONEGAL SUSPENSIÓN PARA GOTAS 10 mg/mL,38752,99
195,DUOFILM SOLUCIÓN TÓPICA,45252,25
196,PANAGESIC CON CAFEÍNA 250/20,56145,7
197,PANAGESIC CON CAFEÍNA 400/33 COMPRIMIDOS,15063,45
198,PANAGESIC COMPRIMIDOS MASTICABLES 80 mg,51644,6
199,PANAGESIC COMPRIMIDOS MASTICABLES 160 mg,12816,30
200,PANAGESIC JARABE 160 mg/5 mL,48625,86
201,PANAGESIC SOLUCIÓN ORAL PARA GOTAS 100 mg/mL,55077,92
202,SICATREX CREMA DÉRMICA,72337,13
203,SOLARCAINE ALOE EXTRA GEL TÓPICO CON LIDOCAÍNA,58918,49
204,CLORHEXIDINA CLORHIDRATO NOSCAPINA COMPRIMIDOS MASTICABLES,94082,92
205,CLORHEXIDINA CLORHIDRATO COMPRIMIDOS MASTICABLES 5 mg,77469,90
206,PARACETAMOL SOLUCIÓN ORAL PARA GOTAS 100 mg/mL,43071,62
207,MADECASSOL CREMA 1%,94197,15
208,AGUA DEL CARMEN SOLUCIÓN ORAL,67357,89
209,BÁLSAMO ANALGÉSICO PASTEUR UNGÜENTO TÓPICO,89446,52
210,DOMPERIDONA COMPRIMIDOS 10 mg,54685,36
211,"FLUDROP SOLUCIÓN NASAL 0,9%",50416,31
212,ADOLEXMED - CELL COMPRIMIDOS DE DISOLUCIÓN BUCAL,86360,24
213,FRUNALIA POLVO EFERVESCENTE,19493,34
214,"LECHE DE MAGNESIA PASTEUR SUSPENSIÓN ORAL 7,5%",58682,83
215,TABLETAS ANTIÁCIDAS PASTEUR COMPRIMIDOS MASTICABLES 500 mg,25951,96
216,RETINOL + TIAMINA CLORHIDRATO + RIBOFLAVINA + PIRIDOXINA CLORHIDRATO + ÁCIDO ASCÓRBICO + ERGOCALCIFEROL + ÁCIDO FÓLICO + NICOTINAMIDA + PANTOTENATO CÁLCICO JARABE,72330,74
217,RETINOL + TIAMINA CLORHIDRATO + RIBOFLAVINA + PIRIDOXINA CLORHIDRATO + ÁCIDO ASCÓRBICO + ERGOCALCIFEROL + ÁCIDO FÓLICO + NICOTINAMIDA + PANTOTENATO CÁLCICO COMPRIMIDOS RECUBIERTOS,48303,100
218,MENTHOSE UNGÜENTO,76968,68
219,NAPROXENO SUPOSITORIOS INFANTILES 50 mg,42166,44
220,PECTORAL PASTEUR JARABE 20 mg/mL,56908,33
221,VISIOCALM SOLUCIÓN OFTÁLMICA,94983,91
222,PIRETANYL COMPRIMIDOS,60704,24
223,NAPROXENO COMPRIMIDOS RECUBIERTOS 100 mg,60257,48
224,SANOVAL - TAB COMPRIMIDOS RECUBIERTOS 275 mg,79166,41
225,"TAPSIN COMPUESTO DÍA PLUS POLVO PARA SOLUCIÓN ORAL, EN SOBRES",61604,98
226,"TAPSIN COMPUESTO NOCHE PLUS POLVO PARA SOLUCIÓN ORAL, EN SOBRES",99493,28
227,MINTAGLOS POMADA DÉRMICA,59521,88
228,TÓNICO PASTEUR JARABE,89455,90
229,ORTOXINE SABOR FRAMBUESA COMPRIMIDOS DE DISOLUCIÓN BUCAL 5 mg.,50678,62
230,ORTOXINE SABOR NARANJA COMPRIMIDOS DE DISOLUCIÓN BUCAL 5 mg.,62196,9
231,ORTOXINE SABOR MENTOL COMPRIMIDOS DE DISOLUCIÓN BUCAL 5 mg,32273,54
232,ORTOXINE SABOR MIEL + LIMÓN COMPRIMIDOS DE DISOLUCIÓN BUCAL 5 mg,75897,50
233,"TRICLOSÁN JABÓN LÍQUIDO 0,5%",39573,70
234,ALCOHOL GEL ANTISÉPTICO 75%,71094,84
235,CLORHEXIDINA GLUCONATO JABÓN LÍQUIDO 2%,77623,10
236,CLORHEXIDINA GLUCONATO JABÓN LÍQUIDO 4%,93684,11
237,EFERFRUTA POLVO EFERVESCENTE,73058,88
238,EFERFRUTA SABOR LIMÓN POLVO EFERVESCENTE,21800,60
239,KITADOL MAX COMPRIMIDOS RECUBIERTOS,26244,94
240,ZOFEX TOS COMPRIMIDOS DE DISOLUCIÓN BUCAL,86934,39
241,SENTUAL PERIODO COMPRIMIDOS,60183,74
242,PANAGESIC CON CAFEÍNA 500/50 COMPRIMIDOS,82375,65
243,"JABÓN YODADO 1.8 SOLUCIÓN TÓPICA 0,8 %",70878,12
244,FASACNE GEL DÉRMICO 5%,77814,89
245,GRIPEXIN COMPUESTO NUEVA FÓRMULA SIN CLORFENAMINA POLVO PARA SOLUCIÓN ORAL EN SOBRES,24517,57
246,"DICLOFENACO DIETILAMINA GEL TÓPICO 1,16%",66419,30
247,HI-C CÁPSULAS 500 mg,72817,70
248,PERIOAID CON CLORURO DE CETILPIRIDINIO TRATAMIENTO COLUTORIO,27866,71
249,"DOLOFAR GEL TÓPICO 2,5%",47408,91
250,MINFADEN COMPRIMIDOS,66578,13
251,AMBROXOL CLORHIDRATO JARABE 15 mg/5 mL,52906,90
252,ÁCIDO DEHIDROCÓLICO COMPRIMIDOS 250 mg,42033,58
253,SANIGERMIN TRICLOSAN JABÓN,12370,45
254,BACILAN POLVO,26851,14
255,LERFIMIN UNGÜENTO DÉRMICO,36696,43
256,PHARMALATUM SOLUCIÓN PARA INHALACIÓN,96756,32
257,NAPROXENO GEL TÓPICO 10%,84973,13
258,REPELEX AEROSOL,24374,30
259,PARACETAMOL COMPRIMIDOS 500 mg,17301,4
260,BRASITON CREMA,69685,33
261,AGUA MELISSA CARMINATIVA SOLUCIÓN,46657,84
262,AGUA OXIGENADA 10 VOLÚMENES SOLUCIÓN TÓPICA,83935,95
263,IBUPROFENO COMPRIMIDOS 200 mg,66237,79
264,TRIOX N.F. INFANTIL COMPRIMIDOS RECUBIERTOS 100 mg,40067,15
265,NAPROXENO SÓDICO COMPRIMIDOS RECUBIERTOS 275 mg,32829,43
266,"FASALIMP SOLUCIÓN NASAL 0,9%",61369,40
267,"NASAKID SOLUCIÓN NASAL 0,9%",72073,13
268,MALTOFER VITAMINADO JARABE,45628,57
269,RINOKID SOLUCIÓN NASAL PARA NEBULIZACIÓN 3%,75221,63
270,DERMAC CREMA DÉRMICA,25231,58
271,MINTA-C COMPRIMIDOS MASTICABLES 100 mg,19065,16
272,ÁCIDO ACETILSALICÍLICO COMPRIMIDOS 500 mg,63942,58
273,"ZETADOL COMPUESTO ANTIGRIPAL NOCHE POLVO PARA SUSPENSIÓN ORAL, EN SOBRES",16081,23
274,"ZETADOL COMPUESTO ANTIGRIPAL DÍA POLVO PARA SOLUCIÓN ORAL, EN SOBRES",89602,64
275,TAPSIN CÁPSULAS BLANDAS,93109,54
276,CEBION SABOR LIMÓN COMPRIMIDOS MASTICABLES 500 mg,73690,53
277,CEBION SABOR MARACUYA COMPRIMIDOS MASTICABLES 500 mg,87037,39
278,CEBION SABOR MANDARINA COMPRIMIDOS MASTICABLES 500 mg,34795,1
279,TEARS NATURALE FORTE SOLUCIÓN OFTÁLMICA,80344,40
280,PREDUAL TEEN COMPRIMIDOS,63931,28
281,PANADOL ACTIRAPID COMPRIMIDOS RECUBIERTOS 500 mg,48597,69
282,DERMALIV CREMA TÓPICA,56838,76
283,TAPSIN SIN CAFEÍNA COMPRIMIDOS MASTICABLE 160 mg,44510,98
284,NUM - ZIT 5 SOLUCIÓN PARA GOTAS ORALES 5 mg/ mL,77616,69
285,FRIORUB CON IBUPROFENO GEL TÓPICO,87280,79
286,FORTEVITA JARABE,21059,4
287,VASELINA LÍQUIDA MEDICINAL,42774,92
288,TALCO ANTIMICÓTICO,78888,70
289,HEADOL MUJER COMPRIMIDOS,46010,69
290,LIP RELIEF UNGÜENTO TÓPICO,59937,0
291,TEARS LÁGRIMAS NATURALES SOLUCIÓN OFTÁLMICA.,66160,16
292,"RINOSTERYL SOLUCIÓN NASAL 0,9%",62439,61
293,"ALCOLEX GEL DÉRMICO 0,1 %",40087,73
294,DISGREN COMPRIMIDOS DE LIBERACIÓN PROLONGADA 325 mg.,90382,25
295,DENTILIM - DBD COMPRIMIDOS DE DISOLUCIÓN BUCAL 5 mg,49935,55
296,ELCAL-D PLUS CÁPSULAS,37165,51
297,MUCOANGIN COMPRIMIDOS PARA DISOLUCIÓN BUCAL 20 mg,65369,76
298,MAALOX PLUS SUSPENSIÓN ORAL,81092,51
299,DOLIDER COMPRIMIDOS,81365,8
300,METAMIZOL SÓDICO MONOHIDRATO COMPRIMIDOS 300 mg,15670,50
301,SENSAID GEL DENTIFRICO,77510,8
302,IBUPROFENO SUSPENSIÓN ORAL 100 mg/5 mL,26292,59
303,CAPRIMIDA DUO CÁPSULAS BLANDAS 330 mg,47071,26
304,GETRICIN COMPRIMIDOS,35790,81
305,METAMIZOL SÓDICO SUPOSITORIOS 250 mg,91135,5
306,HIPERFLEX COMPRIMIDOS,98212,32
307,HIPERFLEX FORTE COMPRIMIDOS,49933,94
308,FINARTRIT COMPRIMIDOS,70247,46
309,COTIBIN ANTIGRIPAL COMPRIMIDOS RECUBIERTOS,35615,62
310,"COTIBIN FLU DÍA POLVO PARA SOLUCIÓN ORAL, EN SOBRES",66977,74
311,"COTIBIN FLU NOCHE POLVO PARA SOLUCIÓN ORAL, EN SOBRES",65916,9
312,CEBION SABOR NARANJA COMPRIMIDOS MASTICABLES 500 mg,75774,87
313,ÁCIDO DEHIDROCÓLICO COMPRIMIDOS 250 mg,59766,14
314,LEVUCAL INSTANT GRANULADO PARA SOLUCIÓN ORAL,83269,53
315,LEVUCAL INSTANT GRANULADO PARA SOLUCIÓN ORAL 1 g,34524,68
316,SUERO ORAL HIDRAPLUS 30 SABOR FRESA SOLUCIÓN ORAL,43623,30
317,SUERO ORAL HIDRAPLUS 30 SABOR UVA SOLUCIÓN ORAL,11237,76
318,SUERO ORAL HIDRA 90 SABOR UVA SOLUCIÓN ORAL,76040,99
319,ALUMINIO HIDRÓXIDO GEL COMPRIMIDOS MASTICABLES 500 mg,72667,36
320,PYRIPED FORTE SUSPENSIÓN ORAL 200 mg/5 mL,89225,68
321,ALUMINIO HIDRÓXIDO SUSPENSIÓN ORAL 6%,27614,19
322,ADVIL CÁPSULAS BLANDAS 200 mg,54861,26
323,PUNTUAL COMPRIMIDOS 500 mg,80645,77
324,DISFRUTAB ANTIGAS FRUTILLA COMPRIMIDOS MASTICABLES,99948,38
325,DISFRUTAB ANTIGAS LIMA-LIMÓN COMPRIMIDOS MASTICABLES,55328,9
326,DISFRUTAB ANTIGAS MULTISABOR COMPRIMIDOS MASTICABLES,74077,27
327,GELICOL GEL 70%,20704,87
328,OSTEOCAPS CÁPSULAS BLANDAS,36430,61
329,ÁCIDO ACETILSALICÍLICO COMPRIMIDOS MASTICABLES 100 mg,49357,88
330,BARALGINA M COMPRIMIDOS 500 mg,13808,50
331,ZINCOVIT JARABE,23120,48
332,BARALGINA M SOLUCIÓN PARA GOTAS ORALES 500 mg/mL,74713,81
333,NORALINA CÁPSULAS BLANDAS,21400,91
334,GENIOL  SOLUCIÓN ORAL PARA GOTAS 100 mg/mL,81111,76
335,GESIPROCT CREMA RECTAL,52159,57
336,"PARACETAMOL, PAMABROM, MEPIRAMINA MALEATO COMPRIMIDOS",53567,94
337,IBUPROFENO SUSPENSIÓN ORAL 200 mg/5 mL,76700,13
338,ENO PLUS LIMÓN COMPRIMIDOS EFERVESCENTES.,63058,80
339,DOLKITOL COMPRIMIDOS 500 mg,74405,98
340,SALONPAS GEL PARCHE-TÓPICO,63816,100
341,FEBRICOL SUSPENSIÓN ORAL 200 mg/5 mL,70041,7
342,NOVALGINA JARABE 250 mg/5 mL,32418,5
343,BABY KANK-A GEL BUCAL 10%,94930,4
344,IBUPROFENO SUSPENSIÓN ORAL 100 mg/5 mL,24205,9
345,PROASA-75 CÁPSULAS CON GRÁNULOS CON RECUBRIMIENTO ENTÉRICO 75 mg,29558,38
346,PROASA-100 CÁPSULAS CON GRÁNULOS CON RECUBRIMIENTO ENTÉRICO 100 mg,45692,72
347,SALES PARA REHIDRATACIÓN ORAL-90 POLVO PARA SOLUCIÓN ORAL,12582,91
348,SALES PARA REHIDRATACIÓN ORAL-60 POLVO PARA SOLUCIÓN ORAL,41426,41
349,ESVIT-C SABOR NARANJA COMPRIMIDOS MASTICABLES 500 mg,12954,9
350,HIPERFLEX MITE COMPRIMIDOS,12784,77
351,DOCIVIN COMPRIMIDOS 10 mg,14252,66
352,SYSTANE SOLUCIÓN OFTÁLMICA,40272,84
353,BRONCOTUSILAN ADULTO SOLUCIÓN ORAL 250 mg/5 mL,34469,9
354,NICODROPS SOLUCIÓN OFTÁLMICA,37322,27
355,ASPIRINA FORTE COMPRIMIDOS 650 mg,29408,37
356,"XUMADOL GRANULADO EFERVESCENTE 1 g, EN SOBRES",73584,97
357,ZINC COMPRIMIDOS 30 mg,22538,16
358,RANITIDINA GRANULADO PARA SUSPENSIÓN ORAL 75 mg/5 mL,86742,28
359,CLORURO DE CALCIO DIHIDRATO SOLUCIÓN INYECTBALE 10%,60421,28
360,"PROFENID GEL TÓPICO 2,5%",90639,67
361,TAPSIN COMPUESTO D.N. CÁPSULAS,37440,64
362,"SICCAFLUID GEL OFTÁLMICO 0,25%",81669,75
363,DESENKIN DESENSIBILIZANTE COLUTORIO,21231,23
364,CAPRIMIDA - D FORTE COMPRIMIDOS RECUBIERTOS,16942,43
365,FLAPEX FORTE COMPRIMIDOS MASTICABLES,35442,43
366,MENTHOLATUM CALORUB PARCHE TÓPICO 10%,14806,77
367,PARACETAMOL COMPUESTO SUSPENSIÓN ORAL,26764,96
368,WINASORB UP FORTE CÁPSULAS BLANDAS,37995,26
369,PANCRIT SABOR NARANJA COMPRIMIDOS DE DISOLUCIÓN BUCAL,90967,90
370,"FASALIMP FORTE SOLUCIÓN NASAL PARA NEBULIZACIÓN 0,9%",10602,79
371,MENTHOLATUM LADY UNGÜENTO TÓPICO,68175,50
372,MENTHOLATUM EXTRA FUERTE UNGÜENTO TÓPICO,44562,86
373,TALCO MENTOLADO 2%,61103,5
374,CORVASOL CÁPSULAS CON MICROGRÁNULOS CON RECUBRIMIENTO ENTÉRICO 100 mg,68276,89
375,IBUPROFENO COMPRIMIDOS 200 mg,54478,96
376,PANADOL EXTEND COMPRIMIDOS RECUBIERTOS DE LIBERACIÓN PROLONGADA 665 mg,67172,79
377,GESIDOL COMPRIMIDOS MASTICABLES 80 mg,27455,8
378,CALORUB CREMA,32451,51
379,"GENTEAL GEL OFTÁLMICO 0,3%",99400,99
380,CALCIMAX D3 200 COMPRIMIDOS,33182,81
381,FASACAINE CON ALOE VERA GEL TÓPICO,28730,49
382,FASAFLEX PARCHE POROSO,37612,63
383,MENTHOLATUM LADY UNGÜENTO TÓPICO,13415,93
384,CAPRIMIDA - D DÚO CÁPSULAS BLANDAS,10578,21
385,AUCUSIK PLUS GEL TÓPICO,43760,55
386,CARBON SULFAGUANIDINA COMPRIMIDOS,94844,18
387,POLIVITAMÍNICOS COMPRIMIDOS RECUBIERTOS,94819,46
388,PREDUAL POLVO PARA SUSPENSIÓN ORAL EN SOBRES,98867,88
389,"SOLULIMP SOLUCIÓN PARA NEBULIZACIÓN NASAL 0,9%",78707,18
390,AGUA BIDESTILADA SOLUCIÓN INYECTABLE,31949,28
391,"VOLTAREN AEROSOL TÓPICO 1,16%",80437,25
392,NOSCAPINA COMPRIMIDOS 20 mg,28923,13
393,ÁCIDO DEHIDROCÓLICO COMPRIMIDOS 250 mg,54079,88
394,"FLECTOR GEL TÓPICO 1,29%",10895,42
395,"LAXONAROL CÁPSULAS BLANDAS 1,1 g",36107,26
396,BROMHEXINA CLORHIDRATO COMPRIMIDOS 8 mg,90458,92
397,POLIVITAMÍNICO JARABE,66906,73
398,GASDOL SUSPENSIÓN 5 mg/5 mL,29779,57
399,GASDOL COMPRIMIDOS 10 mg,29419,77
400,GASDOL SUSPENSIÓN PARA GOTAS ORALES 10 mg/mL,17874,60
401,COLPURIL PLUS MOUSSE AEROSOL,10916,24
402,ADOLEXMED-CELL PLUS COMPRIMIDOS DE DISOLUCIÓN BUCAL,20019,32
403,METAMIZOL SÓDICO SUPOSITORIOS 500 mg,12362,76
404,AGUA SULFATADA PICRICA SOLUCIÓN TÓPICA,12738,80
405,LUVIS SOLUCIÓN OFTÁLMICA,42868,98
406,PERMETRINA SHAMPOO 1%,23329,27
407,"ACRYLARM GEL OFTÁLMICO 0,2%",79528,41
408,"ULTRATHON 3M CREMA TÓPICA 31,58%",83824,7
409,REPELENTE DE INSECTOS AEROSOL,86361,91
410,"HIPERFLEX UD POLVO PARA SOLUCIÓN ORAL, EN SOBRES",37147,81
411,NASTIGRIP COMPRIMIDOS,98265,36
412,MENTHONASAL SOLUCIÓN NASAL EN TÓRULAS,43721,77
413,NIOFEN CÁPSULAS BLANDAS 200 mg,65346,76
414,COTIBIN FLU DÍA Y NOCHE POLVO PARA SOLUCIÓN ORAL EN SOBRES,11703,100
415,SINUS SOLUCIÓN NASAL 3%,50851,50
416,BUCOGERM TOS COMPRIMIDOS MASTICABLES,44431,50
417,DIBUNAFON JARABE,78382,47
418,DISFRUTA CLÁSICO SAL EFERVESCENTE,96653,96
419,DISFRUTA LIMÓN SAL EFERVESCENTE,95088,87
420,GENIOL COMPUESTO POLVO PARA SOLUCIÓN ORAL,92975,63
421,GENIOL COMPUESTO CON CLORFENAMINA POLVO PARA SOLUCIÓN ORAL,81172,25
422,GENIOL COMPUESTO DN POLVO PARA SOLUCIÓN ORAL,20288,88
423,VITALMIN POLVO PARA SUSPENSIÓN ORAL,79009,70
424,KITADOL NOCHE COMPRIMIDOS RECUBIERTOS,72096,97
425,NOLAIS SHAMPOO 1%,39392,4
426,DOCIVIN SUSPENSIÓN ORAL 5 mg/5 mL,19771,41
427,DOCIVIN SUSPENSIÓN PARA  GOTAS ORALES 10 mg/mL,57418,30
428,LEVUCAL D INSTANT GRANULADO EFERVESCENTE PARA SOLUCIÓN ORAL,40415,29
429,BISOLVON COMPRIMIDOS DISPERSABLES 8 mg,75938,2
430,UROKNOP POLVO EFERVESCENTE,76502,37
431,BAINE GEL TÓPICO 3%,42812,93
432,TRIVITANA Q10 CÁPSULAS BLANDAS,31028,66
433,ASPIRINA C NF GRANULADO EFERVESCENTE EN SOBRES,96786,63
434,ENO REGULAR SAL DE FRUTA,46800,85
435,SILIGAZ CÁPSULAS 10 mg,30924,77
436,QUITACALLOS POMADA DÉRMICA 30%,17451,56
437,CAPRIMIDA - D CÁPSULAS,97454,36
438,CAPRIMIDA - D FORTE CÁPSULAS,94394,43
439,VATANAL CREMA RECTAL,11605,62
440,VATANAL SUPOSITORIOS,31089,90
441,IBUPROFENO INFANTIL SUSPENSIÓN ORAL 100 mg/5 mL,67691,26
442,CALMATOL JARABE,57861,26
443,ÁCIDO ACETILSALICÍLICO COMPRIMIDOS MASTICABLES 100 mg,59036,63
444,SOLARCAINE NF AEROSOL TÓPICO,24929,6
445,"CLARIMIR SOLUCIÓN OFTÁLMICA 0,1%",45473,42
446,SILIGAZ SUSPENSIÓN PARA GOTAS ORALES 10 mg/mL,93146,68
447,VISINE ADVANCE RELIEF SOLUCIÓN OFTÁLMICA,81377,21
448,DOMPERIDONA SUSPENSIÓN ORAL PARA GOTAS 10 mg/mL,64056,56
449,ACTRON PEDIÁTRICO SUSPENSIÓN ORAL 100 mg/5 mL,32653,74
450,BISOLVON COMPRIMIDOS 8 mg,68529,55
451,COLONOK BALANCE COMPRIMIDOS RECUBIERTOS 500 mg,98883,22
452,BISOLVON INFANTIL JARABE 4 mg/5 mL,94757,70
453,"VISIONAL SOLUCIÓN OFTÁLMICA 0,05%",43649,36
454,FASAPRINA FORTE COMPRIMIDOS 650 mg,27027,47
455,"TURBOGESIC GEL TÓPICO 1,16%",61228,84
456,AGUA ESTÉRIL PARA INYECTABLES,30469,22
457,DOMPERIDONA COMPRIMIDOS 10 mg,85492,0
458,EDUBEL GEL HUMECTANTE VAGINAL 2%,29111,51
459,TAPSIN SIN CAFEÍNA CON PAMABROM COMPRIMIDOS,49334,9
460,"COLURAL COLUTORIO 0,12%",64653,11
461,"FLUORURO DE SODIO COLUTORIO 0,05%",72206,30
462,DESENKIN PASTA DENTRIFICA,56813,90
463,COTIBIN PLUS POLVO PARA SUSPENSIÓN ORAL EN SOBRES,34337,32
464,ASPIRINA 100 COMPRIMIDOS 100 mg,47756,65
465,"PEDIASEA SOLUCIÓN NASAL PARA NEBULIZACIÓN 0,9%",19031,54
466,ASPIRINA COMPRIMIDOS 500 mg,38854,41
467,CAFIASPIRINA COMPRIMIDOS,26519,1
468,KITADOL INFANTIL COMPRIMIDOS MASTICABLES 160 mg,37917,98
469,YASTA COMPRIMIDOS EFERVESCENTES,82304,99
470,CAFIASPIRINA PLUS COMPRIMIDOS,45233,3
471,DOLSOM COMPRIMIDOS DISPERSABLES 500 mg,49979,32
472,GRIPASAN NUEVA FÓRMULA NOCHE POLVO PARA SOLUCIÓN ORAL EN SOBRES,52749,61
473,GRIPASAN NUEVA FÓRMULA DÍA POLVO PARA SOLUCIÓN ORAL EN SOBRES,88962,28
474,CLORURO DE BENZALCONIO - TIMOL COMPRIMIDOS,38885,67
475,FINARTRIT POLVO PARA SOLUCIÓN ORAL,54636,72
476,PERFUNGOL POLVO DÉRMICO,12633,14
477,METAMIZOL SÓDICO MONOHIDRATO COMPRIMIDOS 300 mg,35567,40
478,CARBOTOS PEDIÁTRICO JARABE 100 mg/5 mL.,51475,15
479,AUCUSIK POMADA,15732,96
480,"FLAMESAN GEL TÓPICO 1,16%",74310,16
481,DURAPREP SOLUCIÓN TÓPICA,60532,82
482,CALIRAL CÁPSULAS BLANDAS 1100 mg,50164,25
483,FLUICOR ASA 81 COMPRIMIDOS CON RECUBRIMIENTO ENTÉRICO 81 mg,72448,86
484,ALCOHOL ETÍLICO SOLUCIÓN TÓPICA 61%,67236,88
485,"LÁGRIMAS ARTIFICIALES SOLUCIÓN OFTÁLMICA 1,4%",54755,68
486,CLORHEXIDINA GLUCONATO 1% - ALCOHOL ETÍLICO 61% SOLUCIÓN TÓPICA,22285,65
487,EXPERT-FITTIGEA DOBLE ACCIÓN ANTIMICÓTICO Y DESODORANTE POLVO DÉRMICO,71457,24
488,EXPERT-FITTIGEA DOBLE ACCIÓN ANTIMICÓTICO Y DESODORANTE POMADA DÉRMICA,54183,82
489,HIPOGLOS POMADA,65320,16
490,TRIVITANA D.M. PERLAS CÁPSULAS BLANDAS,65244,88
491,PARACETAMOL COMPRIMIDOS 500 mg,98278,66
492,ESANTERM SUSPENSIÓN ORAL 100 mg/ 5 mL,81833,83
493,AGUA ESTÉRIL PARA INYECTABLES,84054,17
494,PANCRIT COMPRIMIDOS DE DISOLUCIÓN BUCAL,49705,82
495,TRIOX NF COMPRIMIDOS RECUBIERTOS 275 mg,39160,48
496,MINTA-C COMPRIMIDOS MASTICABLES 500 mg,96776,15
497,FASAMOL ANTIGRIPAL CÁPSULAS,67790,10
498,AMBROXOL CLORHIDRATO JARABE 15 mg/5 mL,75117,21
499,AMBROXOL CLORHIDRATO JARABE 30 mg/5 mL,58883,38
500,LOMPRAX COMPRIMIDOS MASTICABLES 40 mg,67222,38
501,DOMPERIDONA COMPRIMIDOS 10 mg,99967,34
502,TAPSIN UP POLVO EFERVESCENTE PARA SOLUCIÓN ORAL EN SOBRES,67985,76
503,PARACETAMOL COMPRIMIDOS 500 mg,75337,2
504,TAPSIN COMPUESTO SABOR A MIEL-LIMÓN DE PICA POLVO PARA SOLUCIÓN ORAL EN SOBRES,71004,98
505,TAPSIN COMPUESTO CON CLORFENAMINA MALEATO CITRUS POLVO PARA SOLUCIÓN ORAL EN SOBRES,73878,98
506,TAPSIN COMPUESTO CITRUS POLVO PARA SOLUCIÓN ORAL EN SOBRES,14955,49
507,TAPSIN COMPUESTO CON CLORFENAMINA MALEATO SABOR A MIEL-LIMÓN DE PICA POLVO PARA SOLUCIÓN ORAL EN SOBRES,70045,42
508,"GERMOSEPT SOLUCIÓN TÓPICA 0,175%",35988,58
509,FLUICOR ASA 325 COMPRIMIDOS CON RECUBRIMIENTO ENTÉRICO 325 mg,46272,4
510,DISFRUTA TROPICAL SAL EFERVESCENTE EN SOBRES,44713,22
511,GASORBOL PLUS SUSPENSIÓN,84893,34
512,DISFRUTA CITRUS SAL EFERVESCENTE EN SOBRES,29883,1
513,HEADOL PEDIÁTRICO SOLUCIÓN ORAL PARA GOTAS 100 mg/mL,86327,50
514,HEADOL COMPRIMIDOS 500 mg,65012,34
515,PANADOL HOT REM POLVO PARA SOLUCIÓN ORAL EN SOBRES,89228,75
516,GASORBOL PLUS COMPRIMIDOS,82627,71
517,ALUMINIO HIDRÓXIDO GEL COMPRIMIDOS MASTICABLES 500 mg,39037,19
518,PETROCEL SHAMPOO,33692,87
519,UNGÜENTO TÓPICO MENTOLADO,68255,21
520,VITAMINA C COMPRIMIDOS MASTICABLES 100 mg,56019,65
521,"CLORURO DE SODIO SOLUCIÓN NASAL 0,9%",93990,81
522,TAPSIN COMPUESTO DN PLUS COMPRIMIDOS RECUBIERTOS,55488,73
523,DIMETICONA SUSPENSIÓN PARA GOTAS ORALES 4%,43159,98
524,DIMETICONA COMPRIMIDOS MASTICABLES 40 mg,12072,33
525,"TRICLOSÁN JABÓN LÍQUIDO 0,5%",60151,3
526,PARACETAMOL COMPRIMIDOS 500 mg,19614,48
527,TOL TOTAL ACTIVE COMPRIMIDOS RECUBIERTOS,85767,42
528,KANK-A GEL BUCAL 20% SOFTBRUSH,53673,28
529,ESANFLU INFANTIL JARABE 15 mg/5 mL,44842,0
530,ESANFLU ADULTO JARABE 30 mg/5 mL.,76647,33
531,CLARAGINE SABOR MIEL- LIMÓN COMPRIMIDOS DE DISOLUCIÓN BUCAL,25695,31
532,CARVAS CÁPSULAS CON GRÁNULOS CON RECUBRIMIENTO ENTÉRICO 100 mg,38582,26
533,POVIN POMADA TÓPICA,90367,33
534,COMBIZIM COMPOSITUM GRAGEAS,47068,7
535,"MERPAL SOLUCIÓN TÓPICA SPRAY 1,16%",75969,45
536,AMBROXOL CLORHIDRATO JARABE 30 mg/5 mL,30550,33
537,COTIBIN PLUS COMPRIMIDOS,44919,79
538,CALCIMAX COMPRIMIDOS 200 mg,97972,69
539,CALCIMAX FORTE COMPRIMIDOS 400 mg,93794,12
540,FLUMED JARABE 8 mg/5 mL,49358,82
541,VERRUFILM SOLUCIÓN TÓPICA,35318,36
542,DOLO-ESAN COMPRIMIDOS 500 mg,68912,81
543,CALCIMAX D3 400 COMPRIMIDOS,56871,85
544,"OCTILIA SOLUCIÓN OFTÁLMICA 0,05%",84995,95
545,CAPRIMIDA CÁPSULAS 500 mg,57907,92
546,TAPSIN COMPUESTO NOCHE PLUS COMPRIMIDOS RECUBIERTOS,22640,97
547,TAPSIN COMPUESTO DÍA PLUS COMPRIMIDOS RECUBIERTOS,21978,91
548,"KEPRODOL GEL TÓPICO 2,5%",79840,35
549,"NP-27 SOLUCIÓN TÓPICA 8,71%",80493,44
550,NOPUCID COMPUESTO LOCIÓN CAPILAR,51560,36
551,NOPUCID COMPUESTO SHAMPOO,91815,31
552,FLAPEX SUSPENSIÓN ORAL PARA GOTAS 4%,56732,83
553,FLAPEX COMPRIMIDOS 40 mg,22619,69
554,FLUICOR ASA 81 CÁPSULAS CON MICROGRÁNULOS CON RECUBRIMIENTO ENTÉRICO 81 mg,96136,29
555,FLUICOR ASA 325 CÁPSULAS CON MICROGRÁNULOS CON RECUBRIMIENTO ENTÉRICO 325 mg,28129,82
556,SALES DE REHIDRATACIÓN POLVO PARA SOLUCIÓN ORAL,80081,85
557,ACAMOL INFANTIL SUPOSITORIOS 125 mg,63640,39
558,NOSCAPINA COMPRIMIDOS 20 mg,87218,94
559,KITADOL INFANTIL SABOR UVA COMPRIMIDOS MASTICABLES 80 mg,54023,84
560,KITADOL INFANTIL SABOR UVA COMPRIMIDOS MASTICABLES 160 mg,81849,98
561,"TAPSIN  POLVO PARA SOLUCIÓN ORAL, EN SOBRES",68078,67
562,"VITAMINAS A, D Y E CREMA DÉRMICA",80238,77
563,"THERALER INFANTIL LÁMINAS ORALES 12,5 mg",85948,23
564,THERALER ADULTOS LÁMINAS ORALES 25 mg,44108,17
565,MENTHOLATUM UNGÜENTO TÓPICO,75584,17
566,FLUIBRON INFANTIL JARABE 15 mg/5 mL,15601,25
567,FLUIBRON ADULTO JARABE  30 mg/ 5 mL,56451,23
568,ENIFLEX DÚO 750 COMPRIMIDOS,75153,99
569,WINASORB SABOR MIEL-LIMÓN JARABE 250 mg/5 mL,78428,25
570,WINASORB SABOR MENTA JARABE 250 mg/5 mL,36231,78
571,ACTRON 200 CÁPSULAS BLANDAS 200 mg,51958,76
572,GESIDOL COMPRIMIDOS 500 mg,66704,11
573,ENO GUARANÁ SAL DE FRUTA,22924,54
574,ENO NARANJA SAL DE FRUTA,60192,10
575,WINASORB JUNIOR COMPRIMIDOS MASTICABLES 160 mg,96027,97
576,NOSCAPINA CLORHIDRATO/DIBUNATO SÓDICO SOLUCIÓN ORAL PARA GOTAS,55588,42
577,"KETOPROFENO GEL TÓPICO 2,5%",42421,85
578,BROMHEXINA CLORHIDRATO JARABE 4 mg/5 mL,93590,28
579,TAPSIN SIN CAFEÍNA CON CLORFENAMINA MALEATO NOCTURNO COMPRIMIDOS RECUBIERTOS,67395,85
580,TAPSIN PURO SIN CAFEÍNA COMPRIMIDOS 500 mg,94495,53
581,FINARTRIT FORTE COMPRIMIDOS,48600,63
582,ADFEN CÁPSULAS CON MICROGRÁNULOS CON RECUBRIMIENTO ENTÉRICO 200 mg,46545,28
583,IBUPIRAC LC CÁPSULAS BLANDAS 200 mg,93892,23
584,CAFRENAL COMPRIMIDOS,12862,30
585,AGUA PARA INYECTABLES,34674,87
586,SOFCAIN CREMA TÓPICA,22924,98
587,ESANFRIX CREMA TÓPICA,87816,87
588,ENIFLEX DÚO FORTE GRANULADO PARA SOLUCIÓN ORAL,60789,99
589,NIOFEN GEL TÓPICO 5%.,38789,56
590,"DETTOXDETTOL ANTISÉPTICO SPRAY TÓPICO 0,198%",12716,11
591,PANCRIT COMPUESTO SOLUCIÓN PARA COLUTORIO,95733,45
592,OPTIVE SOLUCIÓN OFTÁLMICA,15964,67
593,D' NENITOS POMADA DÉRMICA,48455,63
594,HIPERFLEX K FORTE COMPRIMIDOS,84512,66
595,HIPERFLEX K COMPRIMIDOS,25814,22
596,NUROFEN INFANTIL SABOR NARANJA SUSPENSIÓN ORAL 100 mg/ 5 mL,36054,85
597,NUROFEN INFANTIL SABOR FRESA SUSPENSIÓN ORAL 100 mg /5 mL,67124,62
598,MENTHOLATUM PAIN PATCH SIN ALCANFOR PARCHE 5%,94321,73
599,TALCO ANTIMICÓTICO POLVO DÉRMICO,58827,86
600,COTIBIN INFANTIL COMPRIMIDOS MASTICABLES 160 mg,26714,95
601,COTIBIN INFANTIL JARABE 160 mg/mL,12200,99
602,PARACETAMOL COMPRIMIDOS 500 mg,56161,18
603,CARISTOP SENSITIVE PASTA DENTAL,34657,7
604,"DICLOFENACO DIETILAMINA GEL TÓPICO 1,16%",48465,77
605,ESANTERM FORTE SUSPENSIÓN ORAL 200 mg/5 mL,49697,72
606,"ATAC POLVO PARA SUSPENSIÓN ORAL 125 mg/5 mL, CON SOLVENTE",19286,91
607,AMBROXOL CLORHIDRATO JARABE 15 mg/5 mL,24872,82
608,AMBROXOL CLORHIDRATO JARABE 30 mg/5 mL,74031,32
609,PANTOTOS JARABE 15 mg/5 mL,74504,27
610,PANTOTOS JARABE 30 mg/5 mL,26719,82
611,FLUICOR ASA 81 COMPRIMIDOS CON RECUBRIMIENTO ENTÉRICO 81 mg,33223,44
612,IBU - 200  SUSPENSIÓN ORAL  200 mg/5 mL,61427,86
613,SIGERMEL SOLUCIÓN TÓPICA,56841,93
614,PANCRIT SABOR MIEL-LIMÓN COMPRIMIDOS DE DISOLUCIÓN BUCAL,99818,19
615,"METICEL OFTENO SOLUCIÓN OFTÁLMICA 0,5%",60236,84
616,DOMEVOL CÁPSULAS 10 mg,27069,61
617,"LAGSOLETS SOLUCIÓN OFTÁLMICA 0,12 mg/mL",94801,83
618,HIDRÓXIDO DE ALUMINIO SUSPENSIÓN ORAL 6%,84020,85
619,LEPEX SOLUCIÓN OFTÁLMICA 5%,25072,3
620,BROPAVOL  JARABE 8 mg/5 mL,77494,7
621,ADFEN SUSPENSIÓN ORAL 100 mg/ 5 mL,50145,46
622,ADFEN FORTE SUSPENSIÓN ORAL 200 mg/5 mL,51634,31
623,IBUPROFEN SUSPENSIÓN ORAL 100 mg/5 mL,87694,68
624,LEVUCAL D FORTE CÁPSULAS,27892,16
625,IBUCON SUSPENSIÓN ORAL 100 mg/5 mL,89467,21
626,"NAZIL OFTENO SOLUCIÓN OFTÁLMICA 0,1 %",98534,85
627,PANADOL JUNIOR SUSPENSIÓN ORAL 250 mg/5 mL,87020,96
628,"ÁCIDO ACETILSALICÍLICO, CAFEÍNA Y CINAMEDRINA COMPRIMIDOS",90589,64
629,HASSAPIRIN FORTE COMPRIMIDOS 650 mg,85699,38
630,ANACIN MAX COMPRIMIDOS RECUBIERTOS,92996,54
631,"DICLAC GEL TÓPICO 1,16 %",26286,92
632,IBUCON COMPRIMIDOS RECUBIERTOS 200 mg,56849,80
633,DOMPERIDONA CÁPSULAS 10 mg,75570,92
634,LIMPID SHAMPOO PEDICULICIDA,16535,80
635,PARACETAMOL SOLUCIÓN PARA GOTAS ORALES 100 mg/mL,95042,9
636,PARACETAMOL COMPRIMIDOS 500 mg,80949,55
637,GAVISCON ADVANCE SUSPENSIÓN ORAL,67032,91
638,DOMPERIDONA COMPRIMIDOS 10 mg,68578,23
639,CARDIOASPIRINA 100 EC COMPRIMIDOS CON RECUBRIMIENTO ENTÉRICO 100 mg,48378,84
640,GAVISCON ADVANCE COMPRIMIDOS MASTICABLES,96311,88
641,GAVISCON DOBLE ACCIÓN COMPRIMIDOS MASTICABLES,26995,11
642,GAVISCON DOBLE ACCIÓN SUSPENSIÓN ORAL,19069,12
643,IBUPIRAC COMPRIMIDOS RECUBIERTOS 200 mg,87884,97
644,GAVISCON LIMÓN 250 COMPRIMIDOS MASTICABLES,89699,34
645,GAVISCON MENTA 250 COMPRIMIDOS MASTICABLES,43724,1
646,IBUPROFENO SUSPENSIÓN ORAL PEDIÁTRICA 100 mg/5 mL,15722,62
647,IBUPROFENO FORTE SUSPENSIÓN ORAL PEDIÁTRICA 200 mg / 5 mL,65524,52
648,"LATLAS GEL OFTÁLMICO 0,25%",40941,96
649,PANCRIT COMPRIMIDOS DE DISOLUCIÓN BUCAL,50167,81
650,"CÁPSICO PARCHE DÉRMICO 1,86%",15494,32
651,CONDROX COMPRIMIDOS RECUBIERTOS,31222,15
652,GENIOL COMPRIMIDOS 500 mg,72483,77
653,MAALOX PLUS LIMA-LIMÓN COMPRIMIDOS MASTICABLES,94178,80
654,OXY 5 COLOR PIEL GEL DÉRMICO 5 %,33101,97
655,OXY 5  TRANSPARENTE GEL DÉRMICO 5 %,97252,50
656,KITADOL INFANTIL SOLUCIÓN ORAL PARA GOTAS 100 mg/mL,55160,72
657,NUROFEN COMPRIMIDOS RECUBIERTOS 200 mg,99099,46
658,KITADOL 1000 COMPRIMIDOS 1 g,32904,58
659,XUMADOL COMPRIMIDOS 1 g,17710,86
660,"BIOTRIC JABÓN LÍQUIDO AL 0,5%",64048,16
661,PARACETAMOL COMPRIMIDOS 500 mg,23501,84
662,PARACETAMOL COMPRIMIDOS MASTICABLES 80 mg,34340,23
663,SYSTANE ULTRA SOLUCIÓN OFTÁLMICA,49350,50
664,HASSAPIRIN CAF COMPRIMIDOS,30955,96
665,NEFERSIL GEL TÓPICO 5%,11997,73
666,PARECETAMOL COMPRIMIDOS 500 mg,25216,78
667,MINTALUB CREMA DÉRMICA,70790,89
668,GENIOL CAF COMPRIMIDOS RECUBIERTOS,38210,45
669,FLAMADOL COMPRIMIDOS RECUBIERTOS 100 mg,30013,33
670,ALGIASOL FORTE SUSPENSIÓN ORAL 200 mg/5 mL,81646,12
671,ANACIN COMPRIMIDOS RECUBIERTOS,60781,86
672,COLPURIL PLUS CHAMPÚ,61732,97
673,ENDUX UD EMULSIÓN OFTÁLMICA,44147,26
674,POLICARBOFILA CÁPSULAS BLANDAS 500 mg,78209,67
675,MEDISEPT SOLUCIÓN,92591,33
676,ENDUX EMULSIÓN OFTÁLMICA,40110,14
677,ACIFIN COMPRIMIDOS MASTICABLES,96318,92
678,SIMETICONA SUSPENSIÓN PARA GOTAS ORALES 4%,36951,6
679,GINODOL COMPRIMIDOS RECUBIERTOS 275 mg,80791,77
680,PANADOL ADVANCE COMPRIMIDOS RECUBIERTOS  500 mg,90330,53
681,PARACETAMOL COMPRIMIDOS 500 mg,24300,39
682,POLICARBOFILA CÁPSULAS BLANDAS 500 mg,29303,8
683,FASAGLOS PLUS POMADA,68800,77
684,NUROFEN EXPRESS COMPRIMIDOS RECUBIERTOS 200 mg,20175,87
685,ALGIAFIN COMPRIMIDOS 500 mg,23434,43
686,MYLANTA ROLLTABS SABOR MENTA COMPRIMIDOS MASTICABLES,80651,54
687,MYLANTA ROLLTABS SABOR CEREZA COMPRIMIDOS MASTICABLES,60360,65
688,GENIOL COMPRIMIDOS MASTICABLES 160 mg,61899,41
689,IBUPROFENO COMPRIMIDOS RECUBIERTOS 200 mg,54299,21
690,ALGIASOL 200 COMPRIMIDOS RECUBIERTOS 200 mg,63372,55
691,OPTIVE UD SOLUCIÓN OFTÁLMICA,35821,51
692,LEVUCAL D CÁPSULAS,81697,15
693,DOLGEX SUSPENSIÓN ORAL 100 mg/ 5 mL,68975,95
694,DOLGEX FORTE SUSPENSIÓN ORAL 200 mg/5 mL,70438,81
695,FRESHMEL COMPRIMIDOS 5 mg,94551,96
696,"LÁGRIMAS ARTIFICIALES SOLUCIÓN OFTÁLMICA 0,3%",44790,1
697,PARACETAMOL PEDIÁTRICO SOLUCIÓN ORAL PARA GOTAS 100 mg/mL,24159,62
698,IBUPROFENO FORTE SUSPENSIÓN ORAL 200 mg/5 mL,88374,65
699,PARACETAMOL JARABE 160 mg/5 mL,58104,51
700,KITADOL INFANTIL JARABE 160 mg/5 mL,76440,61
701,DICHLOREXAN SOLUCIÓN TÓPICA  2%,12815,89
702,REPELEX NF AEROSOL,55300,82
703,DON DYNE JABÓN LÍQUIDO 8%,54889,31
704,IBUPROFENO COMPRIMIDOS RECUBIERTOS 200 mg,75117,55
705,PYRIPED CREMA DÉRMICA 5 %,97340,92
706,DOMPERIDONA CÁPSULAS 10 mg,37089,94
707,DOCIVIN CÁPSULAS 10 mg,35967,74
708,AGUA PARA INYECTABLES,25207,65
709,FRAGIDERM UNGÜENTO DÉRMICO,76264,8
710,SALES PARA REHIDRATACIÓN 60  POLVO PARA SOLUCIÓN ORAL,52204,13
711,SALES PARA REHIDRATACIÓN 90  POLVO PARA SOLUCIÓN ORAL,73361,100
712,BROMHEXINA CLORHIDRATO JARABE 4 mg/5 mL,43162,3
713,ALCOHOL GEL  70%,23422,34
714,CHLOROHEX SOLUCIÓN TÓPICA 2%,23764,31
715,CHLOROHEX JABÓN CREMOSO 2%,86797,27
716,IBUPROFENO SUSPENSIÓN ORAL 100 mg / 5 mL,72756,42
717,IBUPROFENO SUSPENSIÓN ORAL 200 mg / 5 mL,33191,98
718,FOCUS 500 COMPRIMIDOS  500 mg,95509,86
719,AMBROXOL CLORHIDRATO JARABE 15 mg/5 mL,22136,94
720,AMBROXOL CLORHIDRATO JARABE 30 mg/5 mL,52292,82
721,CHLOROHEX TINTURA SOLUCIÓN TÓPICA,17934,63
722,IBUPROFENO SUSPENSIÓN ORAL 100 mg / 5 mL,26932,15
723,"VISIONAL SOLUCIÓN OFTÁLMICA 0,05%",14946,38
724,"STERYLDERME JABÓN LÍQUIDO SIN PERFUME 0,5%",58990,68
725,"STERYLDERME JABÓN LÍQUIDO CON PERFUME 0,5%",74098,43
726,IBUPROFENO  SUSPENSIÓN 100 mg / 5 mL,61649,3
727,PARACETAMOL COMPRIMIDOS 500 mg,25612,79
728,ÁCIDO ASCÓRBICO POLVO EFERVESCENTE EN SOBRES 2.000 mg,83535,50
729,ÁCIDO ASCÓRBICO POLVO EFERVESCENTE EN SOBRES 1.000 mg,31535,23
730,PARACETAMOL COMPRIMIDOS 500 mg,52217,62
731,M.D. ZERO-DOL COMPRIMIDOS 500 mg,98203,27
732,M.D. ZERO-DOL INFANTIL COMPRIMIDOS MASTICABLES 160 mg,70849,55
733,GESIDOL COMPRIMIDOS MASTICABLES 160 mg,76602,89
734,PARACETAMOL COMPRIMIDOS  500 mg,54128,5
735,ACAMOL COMPRIMIDOS  500 mg,13892,83
736,PARACETAMOL COMPRIMIDOS 1 g,71495,49
737,PANAGESIC COMPRIMIDOS 1 g,13295,6
738,PARACETAMOL COMPRIMIDOS 500 mg,41399,86
739,"ULPEPTIN COMPRIMIDOS MASTICABLES 262,4 mg",41168,36
740,DOMPERIDONA COMPRIMIDOS 10 mg,31793,68
741,SALES DE REHIDRATACIÓN ORAL 75,78317,66
742,NUROFEN EXPRESS CÁPSULAS BLANDAS 200 mg,86358,92
743,PYRIPED CÁPSULAS BLANDAS 200 mg,39280,64
744,AGUA PARA INYECTABLES,79770,52
745,FINACAL PEDIÁTRICO SOLUCIÓN ORAL PARA GOTAS 100 mg/mL,15292,74
746,IBUPROFENO CÁPSULAS BLANDAS 200 mg,76537,12
747,IBU-2 CÁPSULAS BLANDAS 200 mg,78407,25
748,DOLGEX-L COMPRIMIDOS RECUBIERTOS 200 mg,98306,4
749,IBUFLAM SUSPENSIÓN ORAL 100 mg/5 mL,90601,69
750,ELECTRAL 75 POLVO PARA SOLUCIÓN ORAL EN SOBRES,72382,49
751,"NOSCAPINA CLORHIDRATO + ÁCIDO ASCÓRBICO, JARABE",39915,94
752,HASSAPIRIN CARDIO COMPRIMIDOS CON RECUBRIMIENTO ENTÉRICO 100 mg,16520,79
753,ÁCIDO ACETILSALICÍLICO COMPRIMIDOS 100 mg,88260,73
754,TAPSIN COMPUESTO D.N. POLVO PARA SOLUCIÓN ORAL EN SOBRES,10432,100
755,PARACETAMOL Y CAFEÍNA POLVO EFERVESCENTE PARA SOLUCIÓN ORAL,42705,67
756,PAINPAC CÁPSULAS BLANDAS 200 mg,55330,47
757,"HIDRASAN 90 POLVO PARA SOLUCIÓN ORAL, EN SOBRES",24152,26
758,FRIXIO CREMA TÓPICA,78030,3
759,CARISTOP SENSITIVE COLUTORIO,97135,92
760,NOSCAPINA JARABE 5 mg/5 mL,63373,73
761,PARACETAMOL COMPRIMIDOS 500 mg,30497,89
762,ULPEPTIN SUSPENSIÓN ORAL 262 mg/15 mL,17226,12
763,DOLESS PARCHE DÉRMICO  10%,66315,21
764,DOMPERIDONA COMPRIMIDOS 10 mg,65052,64
765,DOMPERIDONA COMPRIMIDOS 10 mg,69927,8
766,MULGATOL SIMPLE JALEA ORAL,87531,70
767,PARACETAMOL SOLUCIÓN ORAL PARA GOTAS 100 mg/mL,95664,91
768,VAPOLATUM MENTOLADO,43309,47
769,FLUOR-KIN  MENTA FORTE PASTA DENTÍFRICA,64788,27
770,ELCAL-I JARABE INFANTIL 180 mg/10 mL,69420,39
771,ASEPTIDINA JABÓN LÍQUIDO AL 4%,35500,51
772,"ENTEROLYTE  75  SABOR  CEREZA, SOLUCIÓN ORAL",15936,6
773,ENTEROLYTE 75 SABOR A COCO SOLUCIÓN ORAL,11356,6
774,ENTEROLYTE  75 SABOR A MANDARINA SOLUCIÓN ORAL,93129,73
775,ENTEROLYTE  75  SABOR UVA SOLUCIÓN ORAL,58246,44
776,CARDIOASPIRINA 325 EC CON RECUBRIMIENTO ENTÉRICO 325 mg,25708,41
777,IOPOVISOL SOLUCIÓN TÓPICA 10%,30540,29
778,ASEPTIDINA JABÓN LÍQUIDO AL 3%,60101,26
779,ORALGENE MANTENCIÓN COLUTORIO BUCAL,71268,12
780,IBUPROFENO CÁPSULAS BLANDAS 200 mg,51443,53
781,IBUKIDS SUSPENSIÓN ORAL 200 mg/ 5 mL,16342,63
782,DOMPERIDONA COMPRIMIDOS 10 mg,77753,54
783,GESIDOL COMPRIMIDOS 500 mg,18811,88
784,DISGREN COMPRIMIDOS 100 mg,79211,66
785,IOFOAM SOLUCIÓN ESPUMANTE 8%,10872,39
786,"SICCAFLUID GEL OFTÁLMICO 0,25%",61673,63
787,COLONSAN COMPRIMIDOS RECUBIERTOS 500 mg,11618,56
788,ACTRON PEDIÁTRICO SUSPENSIÓN ORAL 200mg/5mL,20330,66
789,DOLORUB GEL DÉRMICO 5%,80000,28
790,OFF  FAMILY AEROSOL REPELENTE DE INSECTOS,23252,1
791,GESIDOL COMPRIMIDOS 1 g,30773,8
792,"SYSTANE BALANCE EMULSIÓN PARA GOTAS  OFTALMICAS 0,6 %",75564,6
793,SYSTANE ULTRA UD SOLUCIÓN OFTÁLMICA,26891,5
794,GEA ARTROM POLVO PARA SOLUCIÓN ORAL,54875,68
795,PARACETAMOL COMPRIMIDOS 500 mg,33175,85
796,GLANDOF COMPRIMIDOS 500 mg,22951,79
797,DUOPLANT GEL TÓPICO 27%,81634,90
798,PARACETAMOL COMPRIMIDOS 500 mg,99267,58
799,KITADOL FLU POLVO PARA SOLUCIÓN ORAL EN SOBRES,29569,0
800,CALCIO / VITAMINA D3 300/125 CÁPSULAS,20107,26
801,FISIOLAX CÁPSULAS BLANDAS 12 mg,53860,75
802,DOMPERIDONA CÁPSULAS 10 mg,14375,46
803,GESIDOL COMPRIMIDOS 500 mg,72536,82
804,PARACETAMOL COMPRIMIDOS 500 mg,20480,42
805,FLAPEX AX COMPRIMIDOS MASTICABLES,11922,84
806,REPELEX CREMA TÓPICA 10%,40244,95
807,CLINICAINE  UNGÜENTO TÓPICO,11043,8
808,MEDICASP SHAMPOO 1%,57078,84
809,FENGEL GEL TÓPICO,16505,91
810,SYSTANE GEL OFTÁMICO EN GOTAS,89733,3
811,SIT-SEF  REPELENTE DE INSECTOS AEROSOL,50207,100
812,REPELENTE DE INSECTOS AEROSOL,96455,66
813,ÁCIDO ASCÓRBICO COMPRIMIDOS MASTICABLES MULTISABOR 1000 mg,38775,98
814,ÁCIDO ASCÓRBICO COMPRIMIDOS MASTICABLES MULTISABOR 500 mg,70668,60
815,ÁCIDO ASCÓRBICO COMPRIMIDOS MASTICABLES MULTISABOR 100 mg,19771,76
816,BABY FASA POMADA DÉRMICA,40382,54
817,EUROGESIC INFANTIL POLVO PARA SUSPENSIÓN ORAL 125 mg/5 mL CON SOLVENTE,73186,45
818,"DICLOFENACO DIETILAMONIO CREMA TÓPICA 1,16%",13015,60
819,HASSAPIRIN 100 COMPRIMIDOS MASTICABLES 100 mg,42468,57
820,"FASALCOL SOLUCIÓN TÓPICA 0,1%",12568,57
821,"CEBION FRESA, SOLUCIÓN ORAL PARA GOTAS 100 mg/mL",12860,21
822,"FISIOLIMP SOLUCIÓN NASAL PARA NEBULIZACIÓN 0,9%",91015,34
823,NAPREBEN GEL 10%,93923,60
824,IPSON SUSPENSIÓN ORAL 100 mg/5 mL,23008,30
825,OCULOTECT FLUID SOLUCIÓN OFTÁLMICA 5%,81136,9
826,HEADOL FLU DÍA POLVO PARA SOLUCIÓN ORAL EN SOBRES,36863,96
827,SALONPAS NUEVA FÓRMULA PARCHE TÓPICO,19014,11
828,ZOFEX COMPRIMIDOS MASTICABLES 5 mg,53126,43
829,"VISCOTEARS GEL LÍQUIDO OFTÁLMICO 0,2%",16258,95
830,ÁCIDO ACETIL SALICÍLICO COMPRIMIDOS CON RECUBRIMIENTO ENTÉRICO 100 mg,69496,60
831,"DICOGEL GEL TÓPICO 1,16%",65774,80
832,ZOFEX COMPRIMIDOS MASTICABLES 5 mg,70743,26
833,ZOFEX COMPRIMIDOS MASTICABLES 5 mg,37530,57
834,"VITAMINA A, D2, ALANTOINA CREMA DÉRMICA",59288,3
835,BÁLSAMO ANALGÉSICO CON FENILBUTAZONA CREMA TÓPICA,46737,88
836,DIPIRONA COMPRIMIDOS 300 mg,45057,12
837,DIPIRONA COMPRIMIDOS 300 mg,70233,65
838,NOSCAPINA COMPRIMIDOS 20 mg,17104,24
839,NOSCAPINA JARABE 5 mg/5 mL,39471,99
840,POLIVITAMÍNICO GRAGEAS,78352,17
841,DIFEXON SOLUCIÓN TÓPICA AL 10%,73576,61
842,"DIFEXON ANTISÉPTICO SOLUCIÓN VAGINAL 9,6%",93987,51
843,MULTAMIN C NARANJA COMPRIMIDOS MASTICABLES 100 mg,82488,73
844,TABLETAS ANTIÁCIDAS PHILLIPS COMPRIMIDOS MASTICABLES,32929,30
845,ECOTRIN COMPRIMIDOS CON RECUBRIMIENTO ENTÉRICO 325 mg,20586,70
846,CALORUB FORTE CREMA,16029,97
847,"FLUORURO DE SODIO SOLUCIÓN 0,05%",50129,77
848,ÁCIDO ASCÓRBICO COMPRIMIDOS MULTISABOR 100 mg,18894,0
849,DOMINAL PLUS TABLETAS,41381,14
850,ESVIT-C MULTISABOR COMPRIMIDOS 100 mg,47480,68
851,VASELINA EMULSIONADA,30176,28
852,VASELINA LÍQUIDA MEDICINAL,80855,98
853,PARACETAMOL + CAFEÍNA CÁPSULAS BLANDAS,11586,79
854,PARACETAMOL + CAFEÍNA CÁPSULAS BLANDAS,73960,81
855,VOLTAREN EMULGEL GEL EMULSIÓN DÉRMICO 1%,40895,27
856,CALCIO GLUCONATO GRANULADO AL 10%,89326,35
857,CORTISPRAY SOLUCIÓN DÉRMICA PARA NEBULIZACIÓN 10%,15800,18
858,CALCICAP CÁPSULAS 320 mg,26844,5
859,DEFLAMAT GEL DÉRMICO 1%,40060,67
860,PARACETAMOL SUPOSITORIOS 125 mg,25710,72
861,PARACETAMOL SUPOSITORIOS 250 mg,91929,75
862,FLUMED JARABE 4 mg/5 mL,49312,9
863,HIDRÓXIDO DE ALUMINIO COMPRIMIDOS MASTICABLES 500 mg,57050,64
864,"MENTHOLATUM SOLUCIÓN PARA INHALACIÓN NASAL, EN TÓRULAS",58067,15
865,ANALGÉSICO DENTAL SOLUCIÓN TÓPICA 85%,86013,28
866,PARACETAMOL SOLUCIÓN ORAL PARA GOTAS 100 mg/mL,84330,56
867,NEO - PANKREOFLAT COMPRIMIDOS CON RECUBRIMIENTO ENTÉRICO,60574,99
868,BICARBONATO DE SODIO POLVO PARA SOLUCIÓN ORAL,28590,64
869,OCULOTECT FLUID SINE SOLUCIÓN OFTÁLMICA 5%,38716,66
870,"ELITIRAN GEL TÓPICO 1,16%",94948,94
871,WINASORB COMPRIMIDOS 500 mg,38777,38
872,WINASORB SUPOSITORIOS 500 mg,22690,87
873,METAMIZOL SÓDICO COMPRIMIDOS 300 mg,84028,57
874,NOSCAPINA COMPRIMIDOS 20 mg,37672,1
875,NOSCAPINA JARABE,15546,35
876,PROCTO GLYVENOL CREMA,93895,75
877,PROCTO GLYVENOL SUPOSITORIOS,57942,39
878,MULTAMIN C SOLUCIÓN ORAL PARA GOTAS 200 mg/mL,20389,16
879,MULTAMIN C SOLUCIÓN ORAL PARA GOTAS 100 mg/mL,56669,91
880,BRONKOKITOL PEDIÁTRICO JARABE 15 mg/5 mL,38393,90
881,ARTHRICARE TRIPLE MEDICADO GEL DÉRMICO,99880,75
882,COTIBIN COMPRIMIDOS 500 mg,27356,37
883,SAL EFERVESCENTE,22163,23
884,TINTURA DE YODO 1%,77982,40
885,SOLUCIÓN DE LUGOL,72437,20
886,GLICERINA SUPOSITORIOS 1 g,45090,21
887,AZUL DE METILENO AL 2%,56606,60
888,VIOLETA DE GENCIANA SOLUCIÓN TÓPICA 2%,60426,18
889,DIPIRONA COMPRIMIDOS 300 mg,45698,57
890,VASELINA LÍQUIDA MEDICINAL,64651,14
891,MIEL DE BORAX,87524,32
892,VITAMINA A EMULSIÓN DÉRMICA 1000 U.I./g,21784,98
893,BRONKOKITOL ADULTOS JARABE 30 mg/5 mL,10760,80
894,VITAMINA A GEL TÓPICO,37793,42
895,CEBION TROPICAL COMPRIMIDOS EFERVESCENTES 1000 mg,93081,38
896,"MERPAL GEL TÓPICO 1,16%",46133,98
897,ACIFLUX COMPRIMIDOS RECUBIERTOS 75 mg,63424,62
898,NIOFEN GRAGEAS 200 mg,86680,56
899,HANSAPLAST ANTIMICÓTICO POLVO DÉRMICO,94142,20
